hora_tour_start,stops_last,total_distance_last
15.0,15.0,48.08
12.0,30.0,29.28
16.0,25.0,33.92
16.0,23.0,43.21
17.0,13.0,11.26
17.0,24.0,42.54
17.0,23.0,33.99
10.0,5.0,33.01
17.0,16.0,31.6
17.0,16.0,29.31
13.0,12.0,65.23
8.0,3.0,24.7
15.0,16.0,34.23
14.0,33.0,57.26
13.0,20.0,52.61
15.0,30.0,27.78
10.0,24.0,45.4
15.0,31.0,36.73
11.0,12.0,71.23
13.0,25.0,40.17
16.0,7.0,60.86
10.0,27.0,30.21
12.0,12.0,59.3
12.0,38.0,34.05
10.0,11.0,32.3
14.0,21.0,54.62
15.0,12.0,73.73
10.0,16.0,36.77
12.0,19.0,43.17
16.0,10.0,28.38
15.0,30.0,48.63
10.0,25.0,31.43
17.0,4.0,10.63
16.0,10.0,59.4
16.0,21.0,34.98
14.0,13.0,48.62
16.0,25.0,41.54
12.0,25.0,22.83
15.0,31.0,32.76
17.0,18.0,22.85
12.0,15.0,66.41
14.0,21.0,69.03
17.0,14.0,22.46
14.0,2.0,27.04
15.0,13.0,23.68
12.0,15.0,62.99
16.0,36.0,37.19
12.0,24.0,67.27
18.0,3.0,46.81
14.0,10.0,33.25
18.0,15.0,28.25
16.0,26.0,19.37
10.0,2.0,38.34
16.0,28.0,36.24
15.0,26.0,45.07
16.0,30.0,53.48
12.0,32.0,37.5
16.0,28.0,53.1
12.0,27.0,56.87
17.0,16.0,71.33
14.0,29.0,31.94
16.0,44.0,45.45
16.0,39.0,31.96
11.0,35.0,49.59
12.0,9.0,46.85
11.0,8.0,49.0
13.0,7.0,65.69
13.0,31.0,42.83
11.0,6.0,34.17
19.0,22.0,21.5
16.0,12.0,43.07
14.0,8.0,32.02
17.0,31.0,36.86
17.0,31.0,24.61
11.0,11.0,32.43
13.0,8.0,35.72
12.0,12.0,33.89
16.0,11.0,28.28
13.0,32.0,65.91
11.0,7.0,14.75
15.0,25.0,50.88
14.0,16.0,24.21
11.0,10.0,30.59
13.0,5.0,78.38
15.0,31.0,50.17
14.0,16.0,65.4
11.0,13.0,17.67
14.0,24.0,44.21
11.0,8.0,44.83
14.0,23.0,27.63
11.0,16.0,61.44
11.0,20.0,30.32
15.0,9.0,51.98
14.0,12.0,39.08
17.0,27.0,51.72
17.0,25.0,71.19
16.0,28.0,26.65
9.0,22.0,77.04
16.0,33.0,51.31
11.0,11.0,59.91
16.0,23.0,51.5
12.0,22.0,79.18
15.0,19.0,36.51
16.0,35.0,50.65
15.0,26.0,29.21
15.0,21.0,47.59
17.0,14.0,31.5
16.0,33.0,48.09
8.0,3.0,38.05
12.0,18.0,39.79
18.0,8.0,24.86
12.0,28.0,42.86
16.0,13.0,52.65
10.0,22.0,78.11
11.0,14.0,34.94
15.0,26.0,28.69
13.0,30.0,28.18
16.0,6.0,30.51
11.0,29.0,48.95
15.0,15.0,52.89
18.0,21.0,46.44
12.0,29.0,44.71
16.0,14.0,24.62
18.0,21.0,70.76
16.0,18.0,26.99
15.0,24.0,68.99
16.0,30.0,53.83
16.0,15.0,52.31
17.0,22.0,65.26
12.0,40.0,55.82
12.0,44.0,40.43
15.0,14.0,22.36
16.0,4.0,63.8
13.0,14.0,21.65
16.0,13.0,68.15
12.0,18.0,36.47
9.0,28.0,52.24
14.0,13.0,26.23
13.0,10.0,23.59
15.0,40.0,58.33
14.0,8.0,35.2
15.0,29.0,70.14
14.0,14.0,25.07
15.0,19.0,62.83
15.0,10.0,68.52
17.0,11.0,27.0
12.0,3.0,31.43
15.0,9.0,36.6
15.0,19.0,19.2
14.0,22.0,42.0
15.0,34.0,40.71
16.0,9.0,37.45
17.0,20.0,22.85
14.0,22.0,65.7
16.0,31.0,61.19
16.0,35.0,32.94
17.0,28.0,41.34
17.0,5.0,22.94
11.0,13.0,56.75
10.0,24.0,26.93
11.0,17.0,69.06
11.0,32.0,43.28
15.0,6.0,49.1
10.0,27.0,41.35
16.0,26.0,44.23
14.0,6.0,20.26
12.0,36.0,41.0
18.0,14.0,20.59
10.0,26.0,64.43
13.0,29.0,31.86
18.0,17.0,19.69
18.0,18.0,17.42
15.0,2.0,4.55
17.0,4.0,21.1
17.0,19.0,55.7
18.0,15.0,24.26
13.0,6.0,59.57
17.0,19.0,22.5
9.0,13.0,48.39
13.0,15.0,38.8
15.0,15.0,46.58
11.0,21.0,33.23
18.0,15.0,21.45
17.0,17.0,25.22
12.0,16.0,28.89
12.0,30.0,27.81
13.0,23.0,38.09
12.0,7.0,50.77
12.0,20.0,71.21
13.0,26.0,34.24
12.0,25.0,34.18
13.0,23.0,46.36
12.0,25.0,35.52
13.0,6.0,23.88
14.0,10.0,56.94
11.0,28.0,38.13
12.0,12.0,16.51
14.0,6.0,10.8
16.0,9.0,22.24
12.0,29.0,40.61
10.0,22.0,38.0
11.0,10.0,37.51
15.0,16.0,39.65
19.0,22.0,34.92
18.0,24.0,20.69
15.0,21.0,36.34
15.0,22.0,74.84
14.0,21.0,36.9
11.0,22.0,76.68
13.0,27.0,29.45
16.0,10.0,13.54
12.0,33.0,26.91
14.0,18.0,47.97
11.0,31.0,48.81
16.0,9.0,33.83
17.0,5.0,36.16
11.0,27.0,25.38
15.0,34.0,27.21
11.0,36.0,44.1
11.0,33.0,38.03
15.0,25.0,29.67
15.0,24.0,40.56
11.0,5.0,49.12
10.0,17.0,21.15
16.0,30.0,50.59
16.0,37.0,30.71
16.0,4.0,22.33
11.0,26.0,36.98
11.0,26.0,36.95
16.0,29.0,28.27
13.0,16.0,30.35
12.0,27.0,68.12
12.0,32.0,31.19
11.0,19.0,65.09
13.0,29.0,39.69
15.0,6.0,40.84
14.0,25.0,45.49
16.0,13.0,41.49
17.0,14.0,46.05
18.0,13.0,16.53
11.0,22.0,23.67
14.0,11.0,48.48
18.0,14.0,18.88
11.0,5.0,54.17
11.0,2.0,21.12
17.0,36.0,31.91
16.0,17.0,30.61
16.0,31.0,57.33
15.0,24.0,21.77
10.0,3.0,25.54
14.0,24.0,37.51
18.0,3.0,33.52
17.0,19.0,44.41
9.0,17.0,34.4
16.0,5.0,7.29
11.0,22.0,17.42
18.0,14.0,37.28
11.0,4.0,37.34
17.0,4.0,33.67
10.0,32.0,47.91
18.0,4.0,6.73
17.0,2.0,5.54
18.0,10.0,36.53
18.0,8.0,20.63
16.0,16.0,30.23
10.0,23.0,32.54
17.0,12.0,26.76
17.0,17.0,25.32
17.0,27.0,21.0
14.0,21.0,37.32
10.0,17.0,58.48
10.0,23.0,30.32
16.0,25.0,33.37
14.0,28.0,43.6
14.0,22.0,35.91
14.0,8.0,46.68
11.0,4.0,45.78
16.0,25.0,37.81
18.0,27.0,36.16
18.0,12.0,13.57
14.0,26.0,26.16
16.0,18.0,15.92
12.0,19.0,46.92
16.0,25.0,24.85
14.0,35.0,55.98
14.0,15.0,66.04
13.0,9.0,61.42
9.0,30.0,29.97
16.0,17.0,21.53
14.0,16.0,44.56
9.0,28.0,55.28
14.0,26.0,53.51
16.0,15.0,43.25
16.0,32.0,42.94
14.0,15.0,20.32
11.0,14.0,78.93
17.0,3.0,14.24
13.0,21.0,42.61
14.0,42.0,29.14
17.0,2.0,24.46
17.0,16.0,33.0
17.0,9.0,65.71
14.0,21.0,24.96
12.0,41.0,36.5
16.0,7.0,69.7
14.0,38.0,26.53
11.0,35.0,76.28
16.0,16.0,25.48
13.0,18.0,34.37
10.0,21.0,69.93
14.0,23.0,75.95
13.0,5.0,41.21
16.0,12.0,25.85
16.0,26.0,31.16
13.0,23.0,47.36
15.0,11.0,18.99
12.0,9.0,25.07
16.0,41.0,26.31
17.0,18.0,60.9
17.0,13.0,63.04
15.0,3.0,60.93
16.0,15.0,27.15
15.0,21.0,35.83
15.0,25.0,21.03
17.0,26.0,23.49
16.0,21.0,57.56
16.0,22.0,50.42
16.0,20.0,35.1
18.0,14.0,16.15
11.0,27.0,44.4
17.0,15.0,15.04
17.0,12.0,20.88
15.0,33.0,36.6
10.0,29.0,48.08
17.0,14.0,20.97
15.0,23.0,51.35
13.0,39.0,30.82
17.0,5.0,39.51
13.0,18.0,37.45
15.0,21.0,54.02
13.0,25.0,69.27
14.0,18.0,68.93
10.0,13.0,19.38
16.0,24.0,30.83
14.0,26.0,36.44
13.0,27.0,30.67
12.0,19.0,34.51
14.0,38.0,28.24
10.0,25.0,22.92
12.0,5.0,26.65
15.0,16.0,46.4
14.0,23.0,37.07
12.0,29.0,65.54
15.0,8.0,39.94
16.0,25.0,38.51
15.0,17.0,31.05
15.0,11.0,26.76
11.0,21.0,17.77
11.0,3.0,53.01
10.0,12.0,18.65
16.0,9.0,66.81
11.0,10.0,35.21
10.0,22.0,37.56
15.0,22.0,36.36
14.0,4.0,53.83
14.0,20.0,65.96
16.0,7.0,46.68
12.0,11.0,56.86
17.0,28.0,75.5
18.0,5.0,9.07
14.0,13.0,59.38
12.0,14.0,63.57
19.0,6.0,36.14
17.0,41.0,70.19
15.0,23.0,48.5
11.0,28.0,66.44
14.0,17.0,34.49
15.0,16.0,61.67
15.0,19.0,50.06
18.0,19.0,26.64
15.0,26.0,23.81
17.0,13.0,26.8
16.0,16.0,26.73
16.0,13.0,71.06
10.0,31.0,34.72
17.0,41.0,25.8
19.0,27.0,26.52
17.0,18.0,19.74
14.0,22.0,40.9
16.0,32.0,44.91
15.0,26.0,30.38
14.0,28.0,40.62
11.0,33.0,52.4
13.0,23.0,35.63
17.0,9.0,42.25
13.0,27.0,24.6
17.0,25.0,32.08
17.0,28.0,59.33
17.0,4.0,12.58
15.0,8.0,79.88
15.0,21.0,21.82
14.0,27.0,33.23
19.0,34.0,39.03
16.0,24.0,69.53
17.0,18.0,43.37
14.0,17.0,29.56
12.0,43.0,77.29
17.0,27.0,49.65
16.0,26.0,35.89
10.0,24.0,46.46
16.0,26.0,76.45
16.0,33.0,69.37
16.0,28.0,76.55
11.0,21.0,32.61
12.0,14.0,73.69
12.0,10.0,51.56
11.0,19.0,52.39
13.0,3.0,48.88
12.0,37.0,28.29
12.0,19.0,36.07
16.0,30.0,24.64
16.0,16.0,23.28
11.0,18.0,75.77
12.0,16.0,30.22
16.0,32.0,49.71
12.0,22.0,66.85
17.0,10.0,38.22
15.0,26.0,70.13
15.0,21.0,73.9
11.0,22.0,35.15
16.0,26.0,43.98
10.0,4.0,27.95
14.0,42.0,27.27
16.0,30.0,52.4
16.0,2.0,6.5
16.0,40.0,39.93
16.0,32.0,36.94
16.0,29.0,33.61
11.0,13.0,44.47
10.0,19.0,37.15
17.0,11.0,15.54
16.0,13.0,50.98
16.0,44.0,43.46
16.0,25.0,50.46
17.0,12.0,36.08
15.0,28.0,35.81
15.0,21.0,79.34
16.0,5.0,15.44
15.0,43.0,32.33
16.0,5.0,21.29
15.0,26.0,32.69
14.0,26.0,44.39
13.0,45.0,35.53
19.0,18.0,18.17
14.0,26.0,43.47
16.0,5.0,29.12
15.0,24.0,25.12
18.0,13.0,33.65
15.0,14.0,47.84
18.0,9.0,32.28
8.0,21.0,42.83
17.0,27.0,36.33
16.0,20.0,44.12
12.0,10.0,31.45
11.0,19.0,19.36
12.0,20.0,19.8
11.0,19.0,23.89
15.0,23.0,37.58
17.0,2.0,41.8
17.0,12.0,42.07
17.0,16.0,27.94
18.0,17.0,15.82
17.0,23.0,48.9
17.0,17.0,23.72
12.0,16.0,64.11
17.0,22.0,62.45
17.0,22.0,49.83
13.0,16.0,21.7
11.0,12.0,32.81
16.0,24.0,67.03
17.0,10.0,6.48
12.0,28.0,26.16
12.0,25.0,42.41
16.0,13.0,15.07
11.0,28.0,77.9
12.0,40.0,72.19
14.0,14.0,30.96
17.0,21.0,70.52
14.0,10.0,40.31
12.0,33.0,37.62
10.0,4.0,39.18
9.0,27.0,27.2
8.0,28.0,21.95
15.0,16.0,41.06
16.0,26.0,53.89
11.0,37.0,32.25
13.0,26.0,33.71
15.0,11.0,17.61
15.0,29.0,55.04
15.0,13.0,59.42
14.0,17.0,44.17
14.0,24.0,42.22
15.0,30.0,53.83
13.0,11.0,40.39
8.0,4.0,65.97
14.0,16.0,41.48
14.0,21.0,27.97
14.0,9.0,43.11
11.0,8.0,38.41
15.0,5.0,30.01
8.0,16.0,22.55
13.0,10.0,31.43
14.0,15.0,61.26
16.0,21.0,46.9
18.0,40.0,50.27
15.0,12.0,14.78
8.0,23.0,40.58
17.0,15.0,49.92
16.0,15.0,43.8
16.0,17.0,51.77
12.0,20.0,40.4
15.0,34.0,37.82
14.0,18.0,37.82
14.0,12.0,34.98
12.0,26.0,24.65
14.0,27.0,35.1
15.0,4.0,23.41
14.0,18.0,50.61
11.0,3.0,20.82
12.0,23.0,74.3
10.0,5.0,63.26
15.0,8.0,56.15
14.0,30.0,50.14
15.0,31.0,25.39
13.0,22.0,50.53
12.0,35.0,32.88
12.0,26.0,29.86
14.0,25.0,53.22
10.0,26.0,63.38
18.0,6.0,23.06
18.0,20.0,22.75
16.0,3.0,6.45
15.0,21.0,20.72
14.0,3.0,21.92
18.0,11.0,45.99
15.0,3.0,18.46
16.0,29.0,37.53
10.0,10.0,35.61
13.0,7.0,13.67
10.0,22.0,41.4
14.0,14.0,72.48
15.0,14.0,54.0
18.0,16.0,22.54
12.0,9.0,24.98
17.0,18.0,31.14
18.0,12.0,17.43
15.0,22.0,76.75
10.0,5.0,41.04
18.0,18.0,24.77
11.0,12.0,58.78
16.0,21.0,29.08
18.0,20.0,36.14
15.0,31.0,54.76
15.0,16.0,60.04
11.0,14.0,25.57
11.0,24.0,47.38
11.0,17.0,29.61
11.0,20.0,58.39
14.0,23.0,51.26
17.0,15.0,21.32
13.0,24.0,18.36
12.0,32.0,28.63
11.0,29.0,35.34
15.0,3.0,25.3
12.0,27.0,25.69
15.0,21.0,43.19
14.0,17.0,39.74
16.0,7.0,74.18
17.0,11.0,18.24
17.0,19.0,18.29
16.0,21.0,47.0
17.0,11.0,12.55
12.0,26.0,24.56
17.0,41.0,57.5
13.0,31.0,32.87
14.0,21.0,34.97
12.0,16.0,69.52
13.0,17.0,23.32
18.0,25.0,25.12
13.0,30.0,30.25
16.0,20.0,34.18
9.0,32.0,26.27
11.0,40.0,63.27
10.0,7.0,75.91
16.0,29.0,19.51
18.0,6.0,24.15
15.0,13.0,19.88
19.0,15.0,34.29
17.0,31.0,29.44
15.0,21.0,51.53
13.0,30.0,22.25
19.0,20.0,31.18
12.0,7.0,46.62
12.0,26.0,36.15
12.0,20.0,39.2
14.0,15.0,33.24
16.0,28.0,34.83
15.0,27.0,36.4
15.0,29.0,23.74
14.0,24.0,55.34
8.0,10.0,34.09
10.0,17.0,28.67
11.0,15.0,32.71
13.0,32.0,32.6
11.0,25.0,36.7
14.0,30.0,30.63
14.0,26.0,22.8
17.0,13.0,61.1
12.0,33.0,73.83
19.0,10.0,24.61
16.0,34.0,31.68
13.0,27.0,32.83
15.0,3.0,46.71
17.0,25.0,76.87
14.0,7.0,14.95
18.0,17.0,69.86
18.0,14.0,73.39
8.0,22.0,39.92
17.0,19.0,55.13
8.0,5.0,31.07
16.0,15.0,40.33
15.0,12.0,40.28
14.0,12.0,38.19
15.0,23.0,26.81
14.0,18.0,49.42
12.0,28.0,32.32
16.0,18.0,45.43
11.0,7.0,32.23
16.0,18.0,76.68
16.0,41.0,58.57
17.0,20.0,23.38
14.0,14.0,24.86
14.0,36.0,54.67
16.0,20.0,37.1
10.0,22.0,43.05
16.0,7.0,72.44
14.0,11.0,71.88
14.0,17.0,36.84
14.0,10.0,22.03
12.0,22.0,21.31
12.0,30.0,34.05
12.0,28.0,41.9
16.0,21.0,52.03
12.0,28.0,18.36
17.0,7.0,14.17
16.0,28.0,45.84
15.0,19.0,47.77
15.0,25.0,54.95
11.0,31.0,43.02
15.0,25.0,27.21
15.0,26.0,35.54
12.0,27.0,34.94
13.0,15.0,21.23
11.0,12.0,52.14
15.0,21.0,28.24
16.0,4.0,31.89
14.0,3.0,30.75
10.0,17.0,39.02
12.0,20.0,79.47
12.0,30.0,18.51
14.0,38.0,35.69
15.0,19.0,25.23
16.0,5.0,44.77
14.0,9.0,25.59
20.0,12.0,29.44
11.0,29.0,43.54
11.0,11.0,57.18
10.0,8.0,22.03
13.0,29.0,50.5
17.0,25.0,37.09
18.0,13.0,30.16
11.0,7.0,56.14
17.0,17.0,41.24
16.0,22.0,62.71
16.0,9.0,38.24
18.0,16.0,60.49
11.0,17.0,26.75
17.0,17.0,60.12
12.0,23.0,24.38
18.0,31.0,24.21
11.0,3.0,18.72
16.0,39.0,29.62
13.0,2.0,22.27
15.0,19.0,58.61
12.0,35.0,42.94
9.0,5.0,28.61
12.0,3.0,10.91
16.0,3.0,24.01
12.0,34.0,32.89
13.0,24.0,60.03
13.0,27.0,25.91
11.0,23.0,36.05
13.0,20.0,78.81
12.0,35.0,35.34
13.0,36.0,55.11
14.0,27.0,70.97
16.0,2.0,20.69
16.0,30.0,32.67
16.0,18.0,52.66
16.0,28.0,36.73
16.0,31.0,34.24
13.0,24.0,15.92
13.0,40.0,24.25
16.0,22.0,35.1
12.0,11.0,22.01
12.0,10.0,40.28
12.0,25.0,63.57
11.0,28.0,43.37
12.0,28.0,49.8
16.0,11.0,58.15
10.0,20.0,26.32
18.0,19.0,35.94
12.0,27.0,31.52
15.0,32.0,39.78
17.0,25.0,51.94
11.0,28.0,73.84
15.0,16.0,54.27
12.0,29.0,25.95
14.0,23.0,36.66
19.0,9.0,7.5
17.0,4.0,47.66
12.0,21.0,35.08
16.0,4.0,59.33
16.0,26.0,38.29
8.0,21.0,72.22
16.0,29.0,54.38
15.0,8.0,33.91
14.0,23.0,78.51
13.0,14.0,24.68
14.0,18.0,27.99
17.0,15.0,34.59
15.0,32.0,40.53
9.0,20.0,58.77
14.0,12.0,29.79
15.0,27.0,29.88
16.0,26.0,51.83
16.0,36.0,45.65
13.0,10.0,48.48
16.0,34.0,29.86
16.0,30.0,40.57
14.0,6.0,26.04
16.0,22.0,59.58
16.0,24.0,30.32
15.0,26.0,49.14
16.0,35.0,47.99
16.0,41.0,28.44
12.0,20.0,24.82
12.0,32.0,23.83
12.0,26.0,24.52
12.0,31.0,40.58
12.0,35.0,37.19
14.0,3.0,10.34
15.0,11.0,51.83
17.0,4.0,22.06
16.0,5.0,26.77
15.0,27.0,69.21
15.0,17.0,34.53
12.0,4.0,53.78
16.0,27.0,27.16
16.0,17.0,77.57
12.0,23.0,54.26
12.0,17.0,63.86
15.0,27.0,42.59
16.0,38.0,23.1
14.0,12.0,35.87
16.0,33.0,75.34
11.0,22.0,29.53
12.0,5.0,27.86
13.0,21.0,43.45
16.0,28.0,26.5
16.0,23.0,24.8
16.0,22.0,75.91
17.0,11.0,20.41
18.0,23.0,45.26
18.0,15.0,18.18
14.0,4.0,36.66
12.0,27.0,21.5
18.0,12.0,21.22
12.0,26.0,21.96
9.0,5.0,10.25
17.0,10.0,22.18
17.0,8.0,41.52
16.0,9.0,71.73
13.0,4.0,23.26
16.0,5.0,55.43
14.0,18.0,67.63
11.0,15.0,33.68
18.0,14.0,38.91
14.0,15.0,38.38
11.0,21.0,73.88
11.0,17.0,44.61
11.0,21.0,30.37
15.0,28.0,17.72
15.0,5.0,22.61
17.0,24.0,45.31
14.0,22.0,72.22
17.0,17.0,37.92
15.0,26.0,34.81
15.0,23.0,74.55
12.0,11.0,50.7
11.0,19.0,22.53
11.0,26.0,24.38
12.0,9.0,69.72
13.0,2.0,61.35
17.0,17.0,59.66
11.0,22.0,24.69
17.0,11.0,9.55
17.0,14.0,34.16
17.0,10.0,13.58
18.0,10.0,17.41
15.0,5.0,15.3
17.0,10.0,16.49
14.0,31.0,24.35
16.0,20.0,63.18
11.0,24.0,33.51
15.0,28.0,30.63
15.0,11.0,15.77
13.0,32.0,29.42
10.0,20.0,35.9
15.0,27.0,59.69
16.0,4.0,12.45
12.0,12.0,29.05
9.0,9.0,20.52
12.0,19.0,43.86
13.0,11.0,62.24
15.0,13.0,23.22
17.0,9.0,29.45
15.0,17.0,22.49
13.0,22.0,29.67
12.0,12.0,25.35
16.0,34.0,25.02
12.0,32.0,35.84
16.0,20.0,63.22
12.0,34.0,49.11
12.0,7.0,53.62
16.0,21.0,48.14
14.0,10.0,29.01
11.0,17.0,69.42
11.0,31.0,44.54
11.0,5.0,60.91
18.0,8.0,9.87
13.0,2.0,15.08
16.0,27.0,76.31
14.0,26.0,31.66
16.0,44.0,42.43
18.0,21.0,19.86
10.0,15.0,18.72
11.0,17.0,21.1
16.0,30.0,27.1
15.0,37.0,38.7
19.0,18.0,26.54
16.0,19.0,46.46
15.0,20.0,30.09
17.0,27.0,54.15
16.0,13.0,30.03
17.0,9.0,11.94
18.0,34.0,35.2
16.0,30.0,30.96
14.0,24.0,43.08
11.0,9.0,25.64
17.0,31.0,41.58
15.0,15.0,68.94
11.0,23.0,53.94
17.0,4.0,33.83
13.0,20.0,22.73
13.0,36.0,36.57
16.0,21.0,52.85
15.0,29.0,46.76
14.0,19.0,76.05
14.0,36.0,57.99
14.0,2.0,19.21
12.0,23.0,33.98
16.0,21.0,22.93
16.0,38.0,35.97
12.0,11.0,29.62
13.0,30.0,30.69
10.0,19.0,69.63
16.0,40.0,35.43
11.0,6.0,69.54
17.0,9.0,17.69
14.0,21.0,62.62
16.0,42.0,25.23
13.0,6.0,22.11
15.0,7.0,16.28
11.0,18.0,44.59
10.0,19.0,56.04
12.0,39.0,27.3
9.0,17.0,29.75
20.0,11.0,60.3
17.0,18.0,59.3
14.0,22.0,14.56
17.0,21.0,47.57
12.0,21.0,24.66
13.0,25.0,21.05
14.0,31.0,52.51
10.0,26.0,79.77
14.0,36.0,52.82
13.0,26.0,31.5
13.0,26.0,25.05
17.0,15.0,28.07
14.0,5.0,65.41
17.0,4.0,20.13
13.0,17.0,50.71
19.0,25.0,27.79
17.0,33.0,78.46
17.0,15.0,78.6
13.0,5.0,67.75
16.0,14.0,47.76
15.0,26.0,67.31
12.0,44.0,37.56
16.0,12.0,33.2
17.0,16.0,59.99
12.0,21.0,53.34
16.0,30.0,27.6
15.0,37.0,26.49
15.0,29.0,38.05
15.0,26.0,30.68
18.0,31.0,29.82
16.0,5.0,19.67
15.0,20.0,54.47
13.0,19.0,42.78
15.0,30.0,46.87
15.0,36.0,34.33
17.0,4.0,17.68
13.0,3.0,25.21
16.0,29.0,79.38
16.0,28.0,54.19
11.0,25.0,50.83
13.0,4.0,5.61
14.0,25.0,73.95
16.0,32.0,37.58
15.0,5.0,33.13
12.0,20.0,77.78
14.0,11.0,25.33
12.0,21.0,35.1
14.0,25.0,25.27
15.0,32.0,25.5
11.0,6.0,34.29
13.0,32.0,55.08
12.0,18.0,32.85
17.0,22.0,17.79
15.0,5.0,44.02
16.0,19.0,79.69
15.0,26.0,47.79
18.0,14.0,10.7
14.0,7.0,35.81
11.0,29.0,69.86
12.0,32.0,25.27
15.0,13.0,54.32
16.0,10.0,39.0
16.0,25.0,31.08
18.0,17.0,15.42
15.0,25.0,43.86
15.0,6.0,24.31
14.0,9.0,36.92
14.0,20.0,56.7
17.0,27.0,28.87
19.0,13.0,8.69
19.0,16.0,32.66
16.0,2.0,23.68
17.0,11.0,14.74
16.0,28.0,51.46
14.0,8.0,59.21
12.0,40.0,43.82
15.0,30.0,43.05
17.0,14.0,11.4
11.0,3.0,11.59
17.0,13.0,19.34
10.0,13.0,14.82
10.0,15.0,20.65
9.0,13.0,19.01
16.0,16.0,20.53
14.0,24.0,63.62
10.0,24.0,51.58
18.0,12.0,42.43
15.0,9.0,74.39
12.0,22.0,35.01
17.0,8.0,15.4
12.0,22.0,26.88
19.0,18.0,18.83
9.0,16.0,16.32
13.0,40.0,25.1
12.0,36.0,32.31
11.0,45.0,43.8
17.0,8.0,32.72
15.0,10.0,26.8
17.0,8.0,45.33
19.0,15.0,11.52
14.0,39.0,59.74
15.0,23.0,41.94
15.0,8.0,25.99
12.0,10.0,56.95
12.0,14.0,59.88
14.0,27.0,26.68
18.0,8.0,54.06
15.0,4.0,38.43
14.0,4.0,29.54
11.0,24.0,35.41
16.0,24.0,25.87
11.0,32.0,67.58
11.0,15.0,23.65
13.0,20.0,31.38
18.0,15.0,16.13
17.0,23.0,18.57
16.0,27.0,65.02
12.0,29.0,22.91
16.0,23.0,78.41
19.0,10.0,16.28
18.0,17.0,37.65
16.0,31.0,31.46
15.0,23.0,30.8
15.0,18.0,39.91
11.0,4.0,25.63
17.0,22.0,47.07
16.0,32.0,25.72
13.0,16.0,20.0
12.0,14.0,16.48
17.0,37.0,18.63
18.0,33.0,16.03
17.0,11.0,32.61
9.0,18.0,11.9
13.0,25.0,24.45
16.0,14.0,49.08
16.0,24.0,42.47
9.0,6.0,35.13
11.0,19.0,61.24
17.0,17.0,67.8
12.0,5.0,61.81
16.0,8.0,16.12
15.0,15.0,54.44
16.0,25.0,42.88
9.0,16.0,55.14
13.0,24.0,75.68
14.0,22.0,32.23
19.0,18.0,18.41
12.0,9.0,26.52
14.0,18.0,33.37
16.0,5.0,7.06
15.0,12.0,63.58
18.0,22.0,20.67
14.0,4.0,35.33
15.0,23.0,26.43
16.0,12.0,48.82
12.0,10.0,54.45
8.0,40.0,21.68
15.0,8.0,40.02
16.0,6.0,26.57
16.0,5.0,31.77
12.0,18.0,68.64
17.0,13.0,14.72
17.0,21.0,57.1
12.0,9.0,59.09
11.0,21.0,68.65
12.0,22.0,41.7
16.0,11.0,21.32
16.0,38.0,36.02
16.0,6.0,40.4
16.0,5.0,33.69
17.0,8.0,60.11
15.0,27.0,47.07
13.0,5.0,26.92
15.0,24.0,21.89
15.0,17.0,52.76
15.0,33.0,46.01
14.0,13.0,30.66
11.0,16.0,38.52
16.0,31.0,28.53
16.0,18.0,38.86
17.0,15.0,40.45
15.0,9.0,38.91
16.0,28.0,28.5
18.0,15.0,40.32
15.0,9.0,76.22
13.0,7.0,58.72
11.0,8.0,39.79
14.0,4.0,27.05
17.0,44.0,58.72
15.0,20.0,26.94
18.0,29.0,24.38
14.0,25.0,47.77
15.0,21.0,51.83
12.0,31.0,26.44
15.0,2.0,21.45
19.0,15.0,25.82
12.0,37.0,32.18
14.0,19.0,33.8
16.0,33.0,48.63
15.0,29.0,33.32
13.0,31.0,44.01
16.0,31.0,56.84
16.0,34.0,28.68
12.0,33.0,41.73
19.0,27.0,39.23
12.0,11.0,35.62
18.0,12.0,12.19
18.0,8.0,27.99
10.0,8.0,51.47
11.0,25.0,39.55
18.0,17.0,24.29
10.0,2.0,3.18
15.0,21.0,77.32
14.0,21.0,19.48
13.0,27.0,26.35
12.0,30.0,35.74
15.0,24.0,28.21
15.0,26.0,31.18
10.0,11.0,32.35
16.0,5.0,44.25
16.0,28.0,44.01
17.0,10.0,68.96
13.0,33.0,41.31
16.0,28.0,31.83
16.0,4.0,24.23
16.0,33.0,31.42
14.0,16.0,44.81
14.0,20.0,31.61
16.0,20.0,18.19
13.0,20.0,38.78
16.0,20.0,68.88
14.0,10.0,11.6
18.0,18.0,62.1
16.0,35.0,32.57
16.0,29.0,33.83
17.0,31.0,76.59
17.0,22.0,26.44
17.0,37.0,33.91
14.0,16.0,40.38
16.0,21.0,30.09
10.0,6.0,20.5
12.0,13.0,40.08
17.0,20.0,75.99
12.0,17.0,58.82
16.0,4.0,21.33
15.0,17.0,62.94
16.0,9.0,40.49
13.0,35.0,31.84
11.0,21.0,35.85
17.0,33.0,47.57
16.0,32.0,55.33
11.0,35.0,48.01
16.0,24.0,68.35
14.0,18.0,34.31
11.0,26.0,69.96
11.0,25.0,39.37
16.0,15.0,65.71
16.0,19.0,38.14
15.0,17.0,68.18
12.0,21.0,70.53
15.0,17.0,53.14
17.0,16.0,34.45
16.0,24.0,60.1
14.0,21.0,29.88
10.0,14.0,63.34
15.0,7.0,33.94
14.0,11.0,49.04
11.0,26.0,76.95
15.0,19.0,34.03
10.0,28.0,47.85
14.0,16.0,46.96
15.0,26.0,63.14
17.0,25.0,44.59
12.0,26.0,22.3
12.0,36.0,59.48
19.0,16.0,20.84
17.0,30.0,47.76
20.0,9.0,18.87
13.0,39.0,23.65
17.0,30.0,60.84
13.0,40.0,41.16
15.0,22.0,69.59
11.0,5.0,33.11
14.0,2.0,19.74
15.0,16.0,64.56
16.0,18.0,32.08
10.0,4.0,14.76
15.0,30.0,41.36
15.0,5.0,62.23
16.0,5.0,19.42
15.0,4.0,28.75
15.0,32.0,45.36
15.0,34.0,22.87
15.0,14.0,36.71
15.0,31.0,41.56
13.0,2.0,53.75
16.0,34.0,33.8
15.0,31.0,45.61
15.0,3.0,19.17
18.0,15.0,10.85
15.0,17.0,47.99
16.0,8.0,41.02
17.0,24.0,32.24
16.0,27.0,23.58
13.0,14.0,39.75
16.0,20.0,36.85
16.0,9.0,55.63
12.0,24.0,25.54
12.0,25.0,27.16
15.0,15.0,30.49
12.0,6.0,29.1
8.0,12.0,32.26
14.0,2.0,5.26
16.0,16.0,33.48
8.0,10.0,63.28
14.0,20.0,25.7
10.0,14.0,48.21
18.0,14.0,33.97
8.0,20.0,38.28
15.0,32.0,54.39
17.0,22.0,39.05
16.0,19.0,61.73
13.0,37.0,32.31
15.0,10.0,19.87
16.0,12.0,15.87
12.0,20.0,19.38
13.0,14.0,49.58
13.0,15.0,40.62
14.0,19.0,47.85
16.0,19.0,44.48
12.0,15.0,66.29
11.0,14.0,51.73
18.0,3.0,14.53
18.0,15.0,49.62
18.0,11.0,26.22
17.0,20.0,13.67
11.0,38.0,47.65
12.0,3.0,52.69
12.0,33.0,51.42
15.0,27.0,24.75
18.0,18.0,6.09
16.0,16.0,33.64
16.0,2.0,42.28
10.0,22.0,49.27
18.0,29.0,32.5
15.0,29.0,29.16
15.0,36.0,24.06
10.0,24.0,60.68
15.0,40.0,34.81
16.0,29.0,44.77
15.0,41.0,57.52
16.0,42.0,36.87
13.0,23.0,26.91
16.0,23.0,61.46
14.0,34.0,46.68
16.0,28.0,51.32
13.0,30.0,56.91
14.0,16.0,63.35
11.0,11.0,26.87
19.0,16.0,24.59
17.0,20.0,60.56
12.0,28.0,50.84
11.0,13.0,32.38
15.0,5.0,44.7
12.0,34.0,45.56
14.0,31.0,37.45
16.0,26.0,45.0
17.0,20.0,12.91
16.0,23.0,37.1
11.0,2.0,31.74
12.0,22.0,59.71
16.0,7.0,62.78
12.0,21.0,63.79
18.0,12.0,52.75
16.0,2.0,45.98
15.0,15.0,21.55
13.0,24.0,69.69
16.0,16.0,38.33
13.0,29.0,24.13
8.0,13.0,29.98
15.0,15.0,61.9
12.0,2.0,20.65
13.0,16.0,23.31
11.0,8.0,31.04
16.0,22.0,34.19
13.0,7.0,39.56
19.0,26.0,27.0
16.0,24.0,33.56
12.0,8.0,29.07
12.0,29.0,26.45
12.0,38.0,27.02
16.0,38.0,25.52
9.0,27.0,54.46
13.0,12.0,25.7
16.0,28.0,29.54
11.0,11.0,19.8
15.0,7.0,38.24
13.0,22.0,38.4
15.0,2.0,19.09
12.0,34.0,22.6
10.0,4.0,25.28
11.0,16.0,62.59
12.0,7.0,48.73
13.0,28.0,26.67
15.0,16.0,53.24
11.0,30.0,42.96
10.0,19.0,56.4
16.0,3.0,33.05
18.0,37.0,50.87
10.0,18.0,42.22
16.0,5.0,47.46
14.0,6.0,41.11
11.0,3.0,25.58
10.0,28.0,21.78
16.0,28.0,25.34
16.0,16.0,25.83
15.0,33.0,30.88
11.0,6.0,25.17
10.0,29.0,70.9
13.0,17.0,20.22
11.0,4.0,47.87
15.0,23.0,50.26
17.0,15.0,32.4
13.0,35.0,48.76
10.0,20.0,17.07
12.0,5.0,18.3
10.0,24.0,18.3
14.0,20.0,46.95
15.0,24.0,27.3
15.0,21.0,22.51
10.0,2.0,55.69
11.0,24.0,69.91
11.0,5.0,50.77
15.0,28.0,45.86
15.0,26.0,36.04
10.0,18.0,19.43
11.0,15.0,23.5
20.0,20.0,19.68
12.0,20.0,59.93
11.0,27.0,17.89
17.0,24.0,38.79
17.0,24.0,21.3
17.0,29.0,30.62
17.0,7.0,25.91
17.0,32.0,18.47
10.0,7.0,37.01
11.0,17.0,38.42
13.0,16.0,39.13
11.0,30.0,44.35
16.0,15.0,38.74
11.0,38.0,45.91
16.0,26.0,31.34
13.0,19.0,19.37
15.0,25.0,65.88
13.0,31.0,40.62
12.0,15.0,59.5
17.0,16.0,46.6
14.0,3.0,18.89
12.0,30.0,56.91
17.0,9.0,63.86
16.0,3.0,43.61
16.0,17.0,74.54
16.0,15.0,69.22
14.0,14.0,25.76
17.0,12.0,36.26
11.0,26.0,44.52
12.0,13.0,20.78
14.0,24.0,34.24
11.0,14.0,29.23
14.0,12.0,21.21
16.0,20.0,35.35
12.0,23.0,22.71
17.0,16.0,30.18
16.0,17.0,49.68
14.0,16.0,59.53
17.0,21.0,68.14
12.0,31.0,53.48
16.0,16.0,63.02
16.0,10.0,72.69
15.0,22.0,28.31
16.0,41.0,22.66
15.0,28.0,39.77
12.0,23.0,40.64
16.0,32.0,76.46
10.0,25.0,45.25
12.0,4.0,28.11
8.0,13.0,37.76
16.0,10.0,59.07
11.0,4.0,46.87
11.0,34.0,60.4
17.0,26.0,68.22
12.0,28.0,56.58
17.0,31.0,72.68
17.0,32.0,24.34
14.0,17.0,27.99
14.0,8.0,41.03
12.0,10.0,64.64
15.0,17.0,40.66
11.0,4.0,43.1
14.0,9.0,29.5
11.0,23.0,45.04
12.0,26.0,30.38
16.0,7.0,9.91
15.0,17.0,30.56
15.0,11.0,19.59
17.0,30.0,65.94
14.0,24.0,61.76
11.0,3.0,22.79
17.0,6.0,36.98
10.0,19.0,26.59
14.0,22.0,41.83
18.0,15.0,23.14
11.0,16.0,24.87
17.0,32.0,67.57
19.0,25.0,29.71
16.0,25.0,42.44
16.0,26.0,30.54
10.0,15.0,12.12
17.0,11.0,13.85
18.0,13.0,19.66
15.0,17.0,41.7
12.0,44.0,25.7
13.0,35.0,22.39
14.0,11.0,29.59
15.0,16.0,37.34
12.0,39.0,42.89
13.0,32.0,17.55
17.0,26.0,75.99
18.0,11.0,35.57
16.0,36.0,71.29
12.0,13.0,50.01
15.0,20.0,53.09
16.0,35.0,33.52
16.0,13.0,16.13
15.0,30.0,46.46
12.0,13.0,51.33
16.0,38.0,28.37
15.0,21.0,46.92
16.0,34.0,38.42
15.0,19.0,79.75
17.0,9.0,31.55
16.0,10.0,19.38
15.0,24.0,32.17
17.0,26.0,26.73
10.0,4.0,40.04
9.0,27.0,41.88
17.0,32.0,30.75
13.0,25.0,21.94
11.0,18.0,65.95
12.0,37.0,48.11
11.0,14.0,67.33
13.0,32.0,22.34
13.0,3.0,56.42
19.0,16.0,14.46
11.0,8.0,14.67
16.0,23.0,29.25
19.0,15.0,17.74
13.0,36.0,26.34
15.0,30.0,27.66
12.0,7.0,35.28
17.0,24.0,54.0
16.0,20.0,26.98
17.0,18.0,35.01
16.0,23.0,64.63
19.0,9.0,18.76
14.0,8.0,30.64
18.0,33.0,39.84
15.0,20.0,52.04
11.0,15.0,61.35
16.0,13.0,22.07
16.0,24.0,34.38
12.0,9.0,35.21
14.0,44.0,32.27
17.0,26.0,58.18
17.0,8.0,75.38
17.0,17.0,64.85
14.0,17.0,35.22
14.0,21.0,55.86
16.0,17.0,44.0
16.0,22.0,71.54
11.0,5.0,14.71
15.0,28.0,39.16
14.0,9.0,34.52
14.0,17.0,49.19
17.0,25.0,52.52
16.0,43.0,35.76
12.0,42.0,28.43
13.0,29.0,21.47
17.0,14.0,75.46
14.0,9.0,38.6
14.0,12.0,68.91
16.0,45.0,52.06
15.0,2.0,2.56
12.0,19.0,32.44
12.0,9.0,72.88
15.0,13.0,60.68
13.0,20.0,49.66
14.0,29.0,72.73
16.0,11.0,72.28
12.0,30.0,56.82
13.0,35.0,48.82
9.0,27.0,22.56
11.0,9.0,57.97
15.0,25.0,39.31
11.0,6.0,31.67
13.0,7.0,64.41
11.0,26.0,69.37
17.0,2.0,20.2
15.0,13.0,69.04
17.0,25.0,38.35
17.0,32.0,36.94
15.0,36.0,25.04
15.0,15.0,50.51
13.0,15.0,73.27
14.0,12.0,30.6
16.0,2.0,27.4
18.0,20.0,36.66
15.0,13.0,52.65
11.0,4.0,43.28
15.0,3.0,15.04
12.0,11.0,53.21
16.0,35.0,40.72
15.0,23.0,51.99
16.0,28.0,26.27
16.0,26.0,21.01
12.0,20.0,38.97
16.0,10.0,10.32
14.0,32.0,39.88
16.0,9.0,44.18
18.0,17.0,20.05
14.0,6.0,36.11
17.0,7.0,8.97
19.0,11.0,63.82
9.0,29.0,46.96
11.0,36.0,58.97
14.0,8.0,27.98
14.0,9.0,37.98
16.0,28.0,31.62
9.0,24.0,46.04
13.0,20.0,44.67
16.0,29.0,37.76
12.0,5.0,40.12
10.0,23.0,25.44
15.0,22.0,54.71
9.0,32.0,31.5
15.0,31.0,50.43
15.0,17.0,66.23
15.0,27.0,25.21
16.0,28.0,24.76
16.0,31.0,27.22
11.0,5.0,79.04
10.0,10.0,65.21
10.0,3.0,22.44
9.0,21.0,27.45
16.0,20.0,23.82
14.0,12.0,34.27
16.0,27.0,79.74
16.0,31.0,57.66
11.0,4.0,23.15
16.0,30.0,59.48
17.0,25.0,33.95
16.0,29.0,43.29
14.0,2.0,22.14
15.0,26.0,76.64
17.0,12.0,47.23
15.0,15.0,17.8
15.0,2.0,11.17
10.0,23.0,70.99
18.0,8.0,38.57
13.0,40.0,30.53
13.0,29.0,36.21
14.0,30.0,42.06
16.0,33.0,19.93
14.0,6.0,32.59
16.0,33.0,61.81
16.0,15.0,38.92
16.0,23.0,59.43
10.0,6.0,59.36
20.0,22.0,33.48
14.0,32.0,30.42
10.0,7.0,24.68
19.0,16.0,17.6
16.0,20.0,23.19
16.0,25.0,38.05
12.0,13.0,58.92
16.0,21.0,45.1
16.0,26.0,20.91
17.0,10.0,18.02
15.0,17.0,47.41
10.0,3.0,52.07
13.0,33.0,22.16
18.0,16.0,18.6
15.0,14.0,46.21
15.0,3.0,53.51
17.0,20.0,73.98
11.0,12.0,63.24
17.0,20.0,58.85
15.0,3.0,21.59
16.0,27.0,79.07
13.0,34.0,34.93
16.0,11.0,79.35
10.0,13.0,34.92
14.0,26.0,44.82
16.0,26.0,37.74
10.0,28.0,52.54
16.0,6.0,46.41
11.0,11.0,47.04
16.0,9.0,32.13
16.0,24.0,58.96
16.0,16.0,65.33
16.0,29.0,47.35
15.0,27.0,43.69
15.0,26.0,27.81
15.0,29.0,33.45
15.0,26.0,33.76
11.0,31.0,41.22
16.0,8.0,53.76
15.0,21.0,51.21
9.0,33.0,68.91
17.0,18.0,30.44
16.0,15.0,64.01
13.0,20.0,46.22
12.0,6.0,46.28
14.0,11.0,63.57
8.0,3.0,45.3
15.0,30.0,31.07
18.0,12.0,34.95
17.0,7.0,41.71
17.0,17.0,36.8
9.0,4.0,29.32
18.0,27.0,33.76
13.0,32.0,29.32
11.0,22.0,31.65
10.0,19.0,60.48
18.0,24.0,50.4
17.0,28.0,22.28
14.0,10.0,28.45
16.0,36.0,27.92
19.0,22.0,26.27
15.0,13.0,47.13
17.0,13.0,37.97
12.0,10.0,63.29
15.0,12.0,16.62
11.0,21.0,43.04
11.0,18.0,68.53
14.0,16.0,60.21
16.0,29.0,37.38
17.0,14.0,11.16
11.0,25.0,39.66
16.0,29.0,39.93
15.0,24.0,47.71
16.0,28.0,25.28
13.0,31.0,27.56
15.0,32.0,58.09
11.0,28.0,37.17
15.0,25.0,28.63
15.0,23.0,26.52
17.0,3.0,13.26
13.0,9.0,15.69
13.0,14.0,43.87
12.0,22.0,77.95
18.0,18.0,18.35
12.0,13.0,54.81
13.0,25.0,61.68
11.0,31.0,26.81
12.0,4.0,42.96
15.0,29.0,36.07
12.0,24.0,37.31
16.0,24.0,27.96
15.0,7.0,30.22
12.0,29.0,49.27
18.0,24.0,50.78
18.0,15.0,28.38
11.0,7.0,35.11
18.0,21.0,43.73
15.0,5.0,18.49
15.0,6.0,18.94
14.0,12.0,59.88
14.0,33.0,24.99
11.0,25.0,48.61
15.0,28.0,35.48
13.0,8.0,35.59
16.0,26.0,45.34
13.0,31.0,35.37
18.0,11.0,14.07
12.0,30.0,36.43
15.0,30.0,48.16
17.0,33.0,19.56
17.0,27.0,61.52
12.0,4.0,57.76
16.0,22.0,45.69
17.0,28.0,47.89
16.0,23.0,26.47
16.0,9.0,33.82
13.0,36.0,34.34
10.0,16.0,35.24
12.0,23.0,37.56
13.0,30.0,21.22
10.0,22.0,43.97
11.0,18.0,28.72
9.0,25.0,31.93
9.0,6.0,46.05
15.0,3.0,20.08
14.0,23.0,57.25
14.0,6.0,18.14
16.0,5.0,25.39
16.0,9.0,28.97
14.0,10.0,23.75
17.0,12.0,23.38
9.0,9.0,62.19
15.0,25.0,28.3
15.0,16.0,37.52
15.0,27.0,37.33
18.0,7.0,40.12
17.0,14.0,14.4
16.0,4.0,20.91
15.0,19.0,73.15
15.0,31.0,31.12
18.0,10.0,15.92
13.0,11.0,75.72
17.0,13.0,13.92
13.0,5.0,42.51
16.0,25.0,33.62
18.0,15.0,28.02
15.0,26.0,48.59
17.0,12.0,70.83
11.0,8.0,44.86
16.0,22.0,53.06
9.0,7.0,30.51
13.0,41.0,31.56
14.0,7.0,26.77
11.0,41.0,42.59
16.0,28.0,48.58
16.0,18.0,70.86
13.0,21.0,50.5
17.0,15.0,32.75
17.0,17.0,33.97
10.0,3.0,45.18
13.0,17.0,4.94
11.0,25.0,35.02
11.0,9.0,78.71
12.0,13.0,16.35
9.0,14.0,58.43
16.0,4.0,12.75
18.0,12.0,47.52
12.0,35.0,30.33
19.0,16.0,16.55
18.0,16.0,23.84
11.0,35.0,39.02
19.0,13.0,16.65
10.0,28.0,18.99
10.0,29.0,22.45
18.0,15.0,43.0
13.0,30.0,57.08
16.0,32.0,32.49
10.0,39.0,23.98
16.0,16.0,22.76
14.0,30.0,37.37
19.0,13.0,20.7
16.0,30.0,24.08
13.0,4.0,9.2
15.0,38.0,29.73
16.0,36.0,55.03
20.0,13.0,30.53
10.0,23.0,32.33
16.0,38.0,59.01
12.0,31.0,54.96
16.0,31.0,33.51
16.0,24.0,60.18
14.0,4.0,44.9
17.0,37.0,37.55
10.0,33.0,46.65
15.0,34.0,56.37
18.0,7.0,56.99
13.0,27.0,43.93
14.0,3.0,37.21
13.0,18.0,34.45
16.0,11.0,22.48
13.0,28.0,25.27
13.0,28.0,32.87
14.0,30.0,23.75
13.0,27.0,22.97
14.0,2.0,11.71
13.0,33.0,39.27
17.0,8.0,41.72
18.0,17.0,75.46
12.0,31.0,24.78
10.0,6.0,37.04
16.0,27.0,65.33
16.0,14.0,36.24
15.0,15.0,64.42
11.0,17.0,39.87
14.0,13.0,32.77
16.0,27.0,31.75
11.0,12.0,24.96
17.0,19.0,44.87
12.0,9.0,24.87
17.0,3.0,46.36
18.0,19.0,24.07
14.0,3.0,5.94
16.0,19.0,22.6
17.0,18.0,69.59
11.0,22.0,52.87
16.0,22.0,38.93
15.0,28.0,27.66
16.0,12.0,35.23
12.0,17.0,38.54
13.0,26.0,29.26
17.0,4.0,18.91
15.0,20.0,41.26
13.0,29.0,29.93
11.0,21.0,23.71
11.0,18.0,32.03
12.0,23.0,66.72
11.0,19.0,36.52
11.0,7.0,61.75
13.0,18.0,29.5
10.0,28.0,63.99
12.0,35.0,49.18
14.0,8.0,36.72
13.0,30.0,27.35
11.0,29.0,50.36
9.0,20.0,50.88
16.0,32.0,24.7
11.0,42.0,48.23
13.0,10.0,78.43
13.0,12.0,57.62
17.0,22.0,46.54
16.0,3.0,31.81
17.0,13.0,61.17
16.0,4.0,46.59
17.0,8.0,16.47
18.0,15.0,20.3
15.0,27.0,52.88
19.0,15.0,45.36
17.0,7.0,51.22
15.0,24.0,39.58
16.0,22.0,42.35
13.0,28.0,27.94
14.0,20.0,30.82
12.0,23.0,43.97
14.0,19.0,30.84
11.0,23.0,31.9
15.0,16.0,14.62
15.0,14.0,26.23
14.0,15.0,71.13
15.0,15.0,57.28
11.0,24.0,40.85
14.0,5.0,10.51
15.0,17.0,35.52
15.0,27.0,60.47
16.0,35.0,58.35
13.0,3.0,7.54
16.0,12.0,63.95
14.0,6.0,53.87
16.0,18.0,39.91
11.0,18.0,37.28
13.0,27.0,25.34
13.0,14.0,22.68
11.0,19.0,27.95
12.0,33.0,34.14
16.0,29.0,41.41
15.0,14.0,54.28
16.0,20.0,37.97
18.0,14.0,41.06
15.0,29.0,35.09
14.0,19.0,48.33
10.0,23.0,45.79
17.0,8.0,29.34
14.0,3.0,24.47
9.0,6.0,14.9
18.0,15.0,20.27
14.0,11.0,52.73
15.0,26.0,23.04
15.0,30.0,48.4
13.0,12.0,34.46
11.0,16.0,59.18
13.0,19.0,41.5
15.0,6.0,21.95
17.0,4.0,35.44
14.0,38.0,43.4
15.0,28.0,48.21
11.0,17.0,42.51
17.0,12.0,40.62
16.0,27.0,26.13
12.0,25.0,30.18
12.0,27.0,74.89
16.0,24.0,54.47
17.0,11.0,39.71
16.0,9.0,24.96
11.0,23.0,59.29
14.0,20.0,30.24
11.0,26.0,36.54
12.0,5.0,16.72
11.0,27.0,73.73
15.0,17.0,61.79
17.0,12.0,32.88
11.0,27.0,37.83
20.0,16.0,27.33
19.0,22.0,58.99
16.0,39.0,32.64
17.0,13.0,48.92
16.0,12.0,15.51
11.0,37.0,42.07
11.0,11.0,12.45
11.0,31.0,50.9
17.0,20.0,22.13
16.0,24.0,39.13
15.0,25.0,70.88
15.0,3.0,34.49
18.0,18.0,21.18
16.0,17.0,25.42
18.0,5.0,34.31
11.0,15.0,44.22
19.0,16.0,17.66
19.0,13.0,31.38
11.0,16.0,67.92
16.0,30.0,36.31
11.0,12.0,48.88
12.0,20.0,46.53
10.0,30.0,30.98
12.0,20.0,30.14
11.0,7.0,25.3
12.0,28.0,38.98
19.0,14.0,17.83
19.0,19.0,27.08
14.0,17.0,43.29
13.0,10.0,39.69
11.0,9.0,66.36
12.0,23.0,16.23
15.0,16.0,30.71
20.0,18.0,37.36
14.0,7.0,41.62
18.0,18.0,21.94
16.0,30.0,47.68
15.0,11.0,21.47
11.0,24.0,55.53
13.0,17.0,50.23
12.0,10.0,69.88
9.0,4.0,47.72
12.0,29.0,64.85
12.0,22.0,64.02
14.0,33.0,35.82
20.0,20.0,44.64
11.0,4.0,38.49
11.0,10.0,60.39
14.0,10.0,30.44
14.0,15.0,49.73
14.0,17.0,77.69
19.0,9.0,15.9
11.0,22.0,20.23
17.0,14.0,58.3
11.0,25.0,25.52
15.0,27.0,35.84
11.0,34.0,33.13
10.0,21.0,44.45
16.0,10.0,60.25
18.0,9.0,19.46
19.0,19.0,61.37
13.0,26.0,26.57
10.0,23.0,57.12
10.0,25.0,47.5
12.0,39.0,31.62
13.0,40.0,24.52
11.0,5.0,23.15
14.0,30.0,19.66
16.0,4.0,28.53
15.0,20.0,33.89
17.0,9.0,34.21
14.0,36.0,43.2
14.0,22.0,19.62
16.0,7.0,39.14
18.0,12.0,33.93
16.0,22.0,39.81
16.0,15.0,37.48
15.0,4.0,38.84
11.0,7.0,46.36
13.0,15.0,25.12
14.0,11.0,76.16
12.0,28.0,69.22
12.0,14.0,38.06
11.0,11.0,62.44
17.0,10.0,8.1
16.0,12.0,22.35
15.0,22.0,25.37
15.0,45.0,29.93
11.0,26.0,23.65
14.0,27.0,79.81
13.0,29.0,26.93
16.0,24.0,50.83
16.0,26.0,41.62
13.0,4.0,22.78
13.0,29.0,26.27
15.0,11.0,16.53
11.0,15.0,19.37
12.0,22.0,38.85
12.0,25.0,25.72
16.0,25.0,23.72
15.0,13.0,70.75
15.0,16.0,72.94
15.0,13.0,58.25
14.0,22.0,34.0
16.0,39.0,63.41
15.0,13.0,70.62
15.0,15.0,76.62
16.0,30.0,39.08
15.0,23.0,43.86
13.0,9.0,27.84
15.0,16.0,40.55
11.0,8.0,66.46
17.0,24.0,51.96
11.0,22.0,42.13
15.0,17.0,67.98
11.0,21.0,37.0
12.0,24.0,25.76
18.0,9.0,10.76
11.0,33.0,38.62
11.0,21.0,21.52
14.0,13.0,39.47
13.0,27.0,23.73
16.0,13.0,54.5
9.0,9.0,23.46
10.0,8.0,39.6
11.0,7.0,76.21
10.0,26.0,38.1
11.0,32.0,49.84
11.0,12.0,38.37
9.0,27.0,48.15
14.0,26.0,42.89
17.0,6.0,7.95
14.0,10.0,66.05
16.0,29.0,24.35
15.0,32.0,52.59
11.0,18.0,49.88
15.0,18.0,68.26
14.0,9.0,20.18
16.0,15.0,26.26
15.0,3.0,28.31
15.0,5.0,45.43
10.0,22.0,74.76
13.0,16.0,70.65
9.0,31.0,29.29
15.0,27.0,30.14
17.0,12.0,24.38
16.0,8.0,61.48
13.0,24.0,47.2
15.0,20.0,55.32
12.0,25.0,64.19
17.0,4.0,16.85
13.0,13.0,47.92
15.0,14.0,45.5
14.0,5.0,67.7
14.0,16.0,61.2
17.0,12.0,39.57
11.0,21.0,46.62
17.0,16.0,75.11
18.0,14.0,36.51
14.0,10.0,64.35
15.0,31.0,79.69
14.0,34.0,29.29
17.0,17.0,48.56
17.0,18.0,28.08
17.0,8.0,16.4
17.0,14.0,28.55
18.0,15.0,36.53
18.0,20.0,37.87
17.0,20.0,19.16
18.0,17.0,15.24
14.0,3.0,31.95
11.0,13.0,26.22
12.0,27.0,35.62
18.0,10.0,22.84
18.0,21.0,26.96
19.0,15.0,42.93
13.0,23.0,65.38
18.0,12.0,24.69
18.0,14.0,12.72
16.0,28.0,28.26
17.0,32.0,34.42
13.0,27.0,27.29
12.0,11.0,27.12
17.0,18.0,18.73
18.0,11.0,16.47
11.0,2.0,9.73
17.0,12.0,18.09
16.0,23.0,24.84
12.0,13.0,68.78
18.0,13.0,34.21
15.0,17.0,21.37
15.0,33.0,41.6
18.0,9.0,22.56
16.0,28.0,18.44
17.0,22.0,23.37
15.0,34.0,52.79
14.0,13.0,26.87
11.0,26.0,77.57
15.0,17.0,43.29
17.0,15.0,21.14
16.0,25.0,54.24
14.0,28.0,35.26
14.0,30.0,44.8
16.0,39.0,33.94
14.0,12.0,22.22
17.0,3.0,15.64
14.0,25.0,38.78
14.0,30.0,55.45
18.0,21.0,23.92
11.0,30.0,41.61
9.0,3.0,47.99
15.0,15.0,75.74
14.0,4.0,14.64
14.0,11.0,25.5
15.0,21.0,46.61
13.0,5.0,26.96
13.0,9.0,52.31
13.0,9.0,49.63
11.0,23.0,51.99
10.0,19.0,64.31
15.0,3.0,10.12
15.0,33.0,25.99
16.0,30.0,23.7
12.0,23.0,49.33
16.0,30.0,49.76
11.0,20.0,30.79
11.0,4.0,16.54
14.0,30.0,33.4
15.0,12.0,67.71
11.0,28.0,39.52
11.0,5.0,65.17
14.0,21.0,31.54
16.0,29.0,55.94
15.0,13.0,37.1
11.0,30.0,34.31
16.0,27.0,26.14
18.0,28.0,45.35
14.0,21.0,66.52
13.0,22.0,39.8
13.0,27.0,35.44
13.0,20.0,53.42
13.0,30.0,40.75
12.0,20.0,50.88
17.0,24.0,53.65
9.0,25.0,20.88
12.0,27.0,77.8
10.0,41.0,55.46
9.0,3.0,41.44
13.0,27.0,40.62
17.0,8.0,37.77
12.0,3.0,28.85
15.0,18.0,68.88
10.0,15.0,76.12
15.0,7.0,64.28
12.0,35.0,29.36
15.0,34.0,32.12
11.0,14.0,63.94
14.0,31.0,40.35
9.0,40.0,75.09
15.0,8.0,21.51
14.0,7.0,25.74
16.0,30.0,20.44
15.0,8.0,18.53
17.0,28.0,19.58
15.0,21.0,61.38
14.0,2.0,63.59
16.0,24.0,55.02
15.0,33.0,58.74
16.0,9.0,39.65
16.0,19.0,55.33
17.0,25.0,75.0
18.0,19.0,38.26
15.0,3.0,15.99
15.0,21.0,41.22
11.0,29.0,30.2
15.0,3.0,28.55
14.0,16.0,32.92
15.0,24.0,73.7
14.0,13.0,17.94
10.0,27.0,48.97
15.0,30.0,28.9
16.0,24.0,22.96
16.0,39.0,29.21
16.0,27.0,48.43
15.0,25.0,29.39
15.0,21.0,31.58
15.0,26.0,25.68
14.0,4.0,21.43
10.0,22.0,67.82
15.0,8.0,15.99
17.0,8.0,9.22
16.0,22.0,67.66
17.0,39.0,50.17
12.0,29.0,73.64
9.0,17.0,55.77
11.0,29.0,42.35
15.0,3.0,11.56
13.0,12.0,25.86
13.0,40.0,25.62
18.0,18.0,22.61
14.0,6.0,33.08
12.0,42.0,27.92
14.0,30.0,49.5
12.0,21.0,48.29
11.0,27.0,31.62
10.0,4.0,47.7
13.0,2.0,35.96
12.0,20.0,49.44
11.0,44.0,48.88
15.0,25.0,42.74
9.0,34.0,37.18
13.0,23.0,71.23
16.0,21.0,35.09
15.0,29.0,48.97
14.0,16.0,54.36
14.0,9.0,71.2
14.0,16.0,30.83
16.0,15.0,41.77
10.0,22.0,70.11
12.0,13.0,51.73
14.0,14.0,21.81
17.0,16.0,53.25
12.0,31.0,56.66
11.0,18.0,55.05
13.0,25.0,41.33
15.0,13.0,39.47
15.0,15.0,51.89
13.0,36.0,27.05
14.0,24.0,47.59
16.0,19.0,51.64
14.0,12.0,26.97
13.0,29.0,22.65
18.0,25.0,47.36
18.0,10.0,44.31
12.0,25.0,53.22
15.0,6.0,19.0
9.0,7.0,33.86
16.0,17.0,30.42
15.0,33.0,30.47
12.0,27.0,20.8
16.0,4.0,11.26
14.0,10.0,30.63
15.0,2.0,21.31
13.0,34.0,58.89
14.0,10.0,12.83
14.0,25.0,46.41
17.0,8.0,52.11
14.0,23.0,39.37
12.0,34.0,25.0
14.0,23.0,52.72
18.0,17.0,46.91
15.0,22.0,46.56
17.0,8.0,31.44
15.0,9.0,21.09
10.0,23.0,26.89
15.0,9.0,36.18
13.0,17.0,36.81
15.0,26.0,31.48
18.0,4.0,15.39
15.0,27.0,47.8
12.0,32.0,51.65
16.0,18.0,21.89
16.0,40.0,51.47
18.0,7.0,27.01
17.0,10.0,35.23
17.0,6.0,37.75
16.0,20.0,58.62
17.0,3.0,26.82
13.0,41.0,20.52
17.0,23.0,45.21
13.0,37.0,30.97
16.0,17.0,50.99
16.0,6.0,18.93
16.0,16.0,79.8
10.0,28.0,54.25
11.0,13.0,65.61
10.0,15.0,33.53
12.0,20.0,29.28
11.0,22.0,63.03
10.0,3.0,9.38
16.0,11.0,28.63
16.0,3.0,36.05
14.0,11.0,51.14
16.0,5.0,22.73
12.0,10.0,49.99
10.0,30.0,57.88
17.0,18.0,26.72
17.0,4.0,30.56
16.0,3.0,25.77
9.0,6.0,22.85
14.0,5.0,32.04
19.0,3.0,32.71
14.0,33.0,47.61
17.0,19.0,46.34
15.0,24.0,73.62
12.0,25.0,34.14
17.0,12.0,18.43
15.0,12.0,18.75
16.0,4.0,31.92
13.0,31.0,20.22
13.0,14.0,34.0
13.0,16.0,54.55
15.0,26.0,47.56
15.0,9.0,37.99
17.0,10.0,25.7
15.0,17.0,79.67
16.0,21.0,34.92
9.0,3.0,7.71
14.0,25.0,43.0
15.0,14.0,48.59
17.0,15.0,35.78
15.0,16.0,63.28
17.0,21.0,25.77
18.0,10.0,17.81
16.0,33.0,48.16
16.0,23.0,58.33
17.0,15.0,32.99
17.0,13.0,13.82
17.0,25.0,71.97
17.0,12.0,42.51
13.0,20.0,37.7
17.0,11.0,15.79
17.0,14.0,17.02
12.0,44.0,39.5
17.0,13.0,71.94
15.0,23.0,19.82
20.0,21.0,13.4
17.0,8.0,17.66
17.0,22.0,25.98
17.0,22.0,41.57
16.0,15.0,45.57
17.0,20.0,44.7
13.0,7.0,51.47
12.0,9.0,60.48
12.0,13.0,33.74
18.0,6.0,11.04
13.0,20.0,60.65
12.0,24.0,32.46
12.0,22.0,44.81
16.0,26.0,22.69
18.0,20.0,43.9
15.0,24.0,37.63
15.0,29.0,33.41
16.0,5.0,4.55
16.0,13.0,19.92
16.0,16.0,54.8
15.0,23.0,33.89
16.0,9.0,19.7
11.0,17.0,22.74
16.0,17.0,66.64
12.0,31.0,22.1
16.0,3.0,28.73
15.0,30.0,45.85
15.0,26.0,42.08
12.0,20.0,53.07
13.0,29.0,23.27
12.0,7.0,37.72
13.0,30.0,38.28
15.0,32.0,26.84
15.0,40.0,21.53
18.0,15.0,51.8
14.0,10.0,18.96
13.0,17.0,17.33
16.0,19.0,68.03
14.0,32.0,63.3
8.0,8.0,54.69
13.0,32.0,24.31
16.0,27.0,69.21
12.0,13.0,19.61
16.0,33.0,40.33
17.0,5.0,37.45
12.0,35.0,56.49
12.0,8.0,37.21
13.0,10.0,27.36
16.0,2.0,29.27
12.0,9.0,64.0
12.0,10.0,25.71
9.0,44.0,38.12
13.0,18.0,76.43
13.0,28.0,78.79
16.0,16.0,16.58
16.0,3.0,33.76
17.0,14.0,15.18
12.0,28.0,41.25
15.0,14.0,44.49
16.0,17.0,77.81
14.0,15.0,57.64
18.0,17.0,30.22
16.0,26.0,23.73
16.0,29.0,29.93
10.0,10.0,41.08
14.0,22.0,70.89
12.0,30.0,28.57
14.0,9.0,43.22
17.0,17.0,60.0
17.0,4.0,36.34
17.0,3.0,36.84
16.0,36.0,43.95
17.0,13.0,58.27
19.0,12.0,32.94
17.0,13.0,45.44
16.0,20.0,25.85
15.0,26.0,46.06
15.0,26.0,26.43
16.0,39.0,35.12
16.0,27.0,43.18
16.0,28.0,31.21
11.0,13.0,50.2
11.0,44.0,32.88
15.0,25.0,32.71
12.0,28.0,38.3
17.0,25.0,52.07
15.0,17.0,42.9
10.0,3.0,36.75
15.0,10.0,27.88
16.0,14.0,68.82
15.0,21.0,50.17
17.0,6.0,55.93
15.0,21.0,46.92
13.0,43.0,38.96
14.0,27.0,67.33
16.0,6.0,38.46
13.0,35.0,41.3
15.0,27.0,26.17
11.0,24.0,56.45
13.0,26.0,27.94
11.0,16.0,61.42
16.0,23.0,69.38
17.0,17.0,50.74
11.0,28.0,33.54
16.0,4.0,24.7
13.0,4.0,43.62
15.0,12.0,36.34
11.0,31.0,51.28
8.0,35.0,41.08
18.0,5.0,8.27
10.0,13.0,68.32
11.0,36.0,76.68
12.0,17.0,41.67
15.0,30.0,72.34
15.0,7.0,21.83
17.0,23.0,19.57
16.0,18.0,18.43
20.0,14.0,18.19
15.0,34.0,29.03
17.0,23.0,36.31
18.0,5.0,37.26
16.0,3.0,18.08
11.0,19.0,45.66
15.0,7.0,22.08
16.0,21.0,23.34
16.0,28.0,35.38
12.0,5.0,43.69
14.0,20.0,51.03
12.0,19.0,22.74
15.0,27.0,72.1
17.0,5.0,45.76
13.0,3.0,40.03
12.0,28.0,25.69
13.0,28.0,34.87
11.0,13.0,65.3
18.0,7.0,26.66
16.0,20.0,53.81
14.0,27.0,45.41
17.0,17.0,13.7
11.0,2.0,38.65
14.0,8.0,71.31
17.0,22.0,67.53
15.0,18.0,43.8
15.0,15.0,66.01
11.0,14.0,41.29
13.0,10.0,19.23
10.0,16.0,51.76
11.0,27.0,54.14
11.0,11.0,45.2
15.0,16.0,29.23
12.0,28.0,26.58
13.0,28.0,28.01
13.0,33.0,27.12
12.0,28.0,32.5
15.0,3.0,23.71
10.0,20.0,32.46
15.0,5.0,37.78
15.0,7.0,31.7
12.0,27.0,47.55
14.0,2.0,31.89
13.0,29.0,23.71
14.0,17.0,31.47
12.0,18.0,73.79
16.0,35.0,43.25
15.0,34.0,26.86
10.0,8.0,31.39
14.0,27.0,26.27
12.0,32.0,45.55
12.0,28.0,22.74
12.0,15.0,37.53
14.0,22.0,59.56
16.0,6.0,21.41
15.0,34.0,36.86
14.0,18.0,36.06
16.0,34.0,39.97
16.0,11.0,66.21
11.0,31.0,38.03
16.0,3.0,16.1
14.0,24.0,54.17
16.0,18.0,76.59
17.0,15.0,62.41
10.0,2.0,24.78
17.0,22.0,42.82
12.0,32.0,34.3
16.0,12.0,56.67
12.0,28.0,71.31
14.0,14.0,29.95
16.0,7.0,38.93
16.0,5.0,13.28
16.0,18.0,49.45
15.0,7.0,35.8
16.0,17.0,61.77
16.0,21.0,67.2
17.0,14.0,63.33
16.0,26.0,41.42
16.0,19.0,28.23
16.0,10.0,57.59
19.0,2.0,14.05
17.0,20.0,40.89
17.0,16.0,18.18
16.0,27.0,34.81
16.0,32.0,25.83
17.0,7.0,6.87
16.0,31.0,35.7
10.0,35.0,42.19
19.0,22.0,23.68
8.0,20.0,42.32
12.0,14.0,61.24
11.0,27.0,38.26
14.0,21.0,72.3
15.0,32.0,32.28
15.0,33.0,43.2
16.0,17.0,29.14
16.0,25.0,32.69
14.0,9.0,70.38
16.0,15.0,52.54
12.0,34.0,68.3
11.0,15.0,53.45
12.0,22.0,64.73
10.0,39.0,59.44
14.0,10.0,70.82
11.0,9.0,74.51
11.0,25.0,64.66
15.0,31.0,45.63
16.0,5.0,29.56
14.0,27.0,65.91
13.0,16.0,28.27
15.0,8.0,34.83
14.0,25.0,67.79
13.0,26.0,57.69
14.0,28.0,39.54
14.0,28.0,23.64
14.0,27.0,28.21
16.0,22.0,39.55
14.0,25.0,39.8
10.0,4.0,28.39
18.0,15.0,22.12
15.0,16.0,54.82
19.0,17.0,17.72
18.0,10.0,28.86
15.0,36.0,35.71
18.0,17.0,43.22
15.0,36.0,48.81
10.0,16.0,54.62
11.0,14.0,39.33
17.0,6.0,31.95
9.0,19.0,76.43
15.0,22.0,45.98
10.0,12.0,68.14
15.0,3.0,41.15
14.0,8.0,46.66
14.0,7.0,24.8
15.0,26.0,24.56
13.0,32.0,21.88
16.0,18.0,19.69
17.0,9.0,26.77
11.0,5.0,51.31
18.0,14.0,27.15
11.0,25.0,24.65
15.0,10.0,38.26
16.0,13.0,63.21
18.0,15.0,21.93
17.0,17.0,23.27
8.0,12.0,46.01
15.0,17.0,52.92
18.0,16.0,15.24
12.0,5.0,64.76
15.0,31.0,30.98
16.0,19.0,45.28
12.0,10.0,28.29
15.0,19.0,25.52
11.0,24.0,62.53
15.0,15.0,33.15
16.0,21.0,63.82
17.0,11.0,20.95
15.0,15.0,36.46
15.0,28.0,47.06
15.0,32.0,44.58
14.0,8.0,29.65
16.0,25.0,41.7
12.0,25.0,62.47
15.0,5.0,34.51
14.0,10.0,22.77
14.0,24.0,37.54
18.0,13.0,56.46
18.0,14.0,34.64
17.0,15.0,20.17
12.0,17.0,72.15
17.0,18.0,37.02
17.0,13.0,30.87
16.0,14.0,51.03
14.0,22.0,34.15
12.0,19.0,18.71
17.0,3.0,34.99
17.0,11.0,29.83
15.0,13.0,78.26
11.0,18.0,44.69
18.0,23.0,43.72
18.0,21.0,21.42
17.0,13.0,51.11
16.0,12.0,44.63
16.0,5.0,30.8
10.0,13.0,53.55
13.0,7.0,36.59
14.0,10.0,34.01
16.0,17.0,63.81
10.0,38.0,18.62
16.0,16.0,23.38
9.0,28.0,67.86
15.0,20.0,22.96
15.0,6.0,36.58
18.0,21.0,24.66
13.0,20.0,42.73
14.0,20.0,38.86
11.0,31.0,29.44
12.0,34.0,29.65
17.0,13.0,9.67
14.0,28.0,70.1
16.0,27.0,23.04
12.0,9.0,69.81
15.0,17.0,54.55
16.0,25.0,30.35
18.0,16.0,38.5
17.0,22.0,66.13
13.0,25.0,26.43
14.0,38.0,45.91
12.0,2.0,17.42
17.0,15.0,74.97
16.0,10.0,61.1
16.0,13.0,34.19
12.0,38.0,52.81
14.0,20.0,37.44
15.0,35.0,50.34
14.0,33.0,50.95
11.0,10.0,60.56
17.0,15.0,48.89
17.0,18.0,65.17
15.0,4.0,8.04
15.0,25.0,27.06
15.0,12.0,59.47
15.0,16.0,42.19
17.0,8.0,71.61
15.0,27.0,44.79
11.0,14.0,58.33
15.0,13.0,58.12
15.0,3.0,11.35
9.0,12.0,46.78
16.0,17.0,38.49
20.0,16.0,23.53
12.0,30.0,26.29
16.0,15.0,30.6
14.0,18.0,66.82
15.0,4.0,30.72
13.0,4.0,38.82
14.0,26.0,24.35
15.0,23.0,28.16
14.0,24.0,56.42
10.0,4.0,36.61
14.0,5.0,46.36
10.0,17.0,45.8
17.0,3.0,37.67
18.0,27.0,43.58
12.0,19.0,72.57
17.0,16.0,22.35
15.0,17.0,16.87
14.0,16.0,34.57
15.0,23.0,64.71
13.0,21.0,73.48
14.0,29.0,61.72
14.0,24.0,46.75
18.0,12.0,17.53
14.0,21.0,52.21
17.0,11.0,21.32
12.0,7.0,18.2
13.0,11.0,35.4
14.0,34.0,73.03
12.0,5.0,22.09
17.0,15.0,24.48
13.0,10.0,51.7
11.0,25.0,45.64
10.0,18.0,45.93
13.0,18.0,29.47
12.0,25.0,35.94
16.0,5.0,24.48
16.0,4.0,41.82
17.0,18.0,50.86
12.0,21.0,64.66
17.0,7.0,63.34
14.0,9.0,66.55
16.0,17.0,39.01
12.0,23.0,18.52
17.0,11.0,14.28
16.0,34.0,69.92
16.0,42.0,19.09
12.0,39.0,22.9
8.0,4.0,23.36
16.0,20.0,65.65
12.0,5.0,45.92
17.0,27.0,33.28
17.0,15.0,27.41
12.0,30.0,42.42
17.0,21.0,30.56
15.0,22.0,68.19
16.0,27.0,46.1
17.0,6.0,42.41
16.0,33.0,67.17
15.0,31.0,29.24
14.0,30.0,68.78
16.0,20.0,75.19
16.0,42.0,46.02
11.0,3.0,34.82
12.0,34.0,28.75
14.0,24.0,49.93
11.0,14.0,22.21
11.0,14.0,51.15
14.0,11.0,35.01
11.0,20.0,31.91
11.0,11.0,77.47
16.0,21.0,58.75
11.0,8.0,23.03
12.0,19.0,29.1
11.0,13.0,68.0
16.0,27.0,20.99
9.0,11.0,79.53
17.0,22.0,38.36
17.0,20.0,46.69
14.0,17.0,51.23
17.0,3.0,28.93
17.0,26.0,54.19
15.0,10.0,16.65
17.0,18.0,55.67
16.0,2.0,8.84
17.0,14.0,25.78
16.0,2.0,5.49
16.0,16.0,40.15
17.0,12.0,61.98
8.0,7.0,40.85
11.0,12.0,18.42
17.0,7.0,28.19
15.0,7.0,43.6
17.0,9.0,21.13
11.0,4.0,28.66
16.0,21.0,77.35
8.0,17.0,44.68
14.0,2.0,12.42
15.0,37.0,49.84
14.0,10.0,29.46
14.0,7.0,51.23
13.0,32.0,23.65
17.0,23.0,48.27
16.0,7.0,23.3
12.0,30.0,70.73
13.0,11.0,35.71
16.0,22.0,36.21
12.0,4.0,17.11
13.0,35.0,29.5
20.0,2.0,15.97
14.0,34.0,69.96
17.0,9.0,22.07
16.0,15.0,47.02
14.0,30.0,26.38
15.0,25.0,30.1
14.0,5.0,17.74
16.0,25.0,20.05
16.0,25.0,39.52
16.0,19.0,36.52
15.0,3.0,34.88
16.0,3.0,21.31
16.0,4.0,31.03
14.0,6.0,79.63
15.0,12.0,48.23
15.0,12.0,36.16
15.0,20.0,43.92
10.0,9.0,32.32
15.0,24.0,46.95
15.0,7.0,45.56
14.0,33.0,60.58
15.0,20.0,41.8
15.0,24.0,43.4
15.0,14.0,51.2
14.0,23.0,34.91
13.0,25.0,56.83
12.0,6.0,54.91
15.0,3.0,30.42
13.0,29.0,68.22
11.0,28.0,75.08
13.0,26.0,65.93
13.0,22.0,44.78
17.0,8.0,65.2
17.0,18.0,59.89
16.0,8.0,48.42
15.0,28.0,30.39
12.0,40.0,54.33
15.0,15.0,42.78
13.0,26.0,48.87
13.0,22.0,26.85
16.0,14.0,32.37
17.0,15.0,38.72
10.0,21.0,57.98
10.0,37.0,41.35
16.0,20.0,34.98
10.0,39.0,45.09
15.0,22.0,45.36
12.0,19.0,35.78
15.0,14.0,51.7
16.0,29.0,57.74
16.0,11.0,20.61
16.0,29.0,46.13
17.0,12.0,61.82
10.0,34.0,47.2
16.0,26.0,33.65
16.0,24.0,44.85
14.0,22.0,56.31
16.0,27.0,22.95
17.0,43.0,28.68
15.0,19.0,26.34
8.0,4.0,48.71
15.0,19.0,50.51
15.0,21.0,26.19
13.0,23.0,42.59
15.0,25.0,24.71
15.0,18.0,30.0
15.0,36.0,65.17
15.0,27.0,77.28
15.0,10.0,63.03
15.0,20.0,56.06
13.0,19.0,23.81
12.0,37.0,26.43
12.0,26.0,36.6
17.0,24.0,53.36
17.0,26.0,45.73
16.0,9.0,77.41
8.0,4.0,29.63
11.0,4.0,35.04
17.0,15.0,43.12
16.0,25.0,69.99
16.0,11.0,68.78
16.0,25.0,73.08
10.0,13.0,60.13
11.0,22.0,46.92
13.0,16.0,45.01
13.0,14.0,28.22
13.0,27.0,53.58
18.0,13.0,40.35
10.0,15.0,55.06
15.0,5.0,62.96
15.0,12.0,37.55
15.0,17.0,69.2
16.0,40.0,49.52
16.0,22.0,69.92
15.0,24.0,17.75
16.0,23.0,37.91
16.0,36.0,28.88
16.0,26.0,43.33
16.0,24.0,70.29
13.0,4.0,28.98
15.0,3.0,56.05
15.0,20.0,21.08
10.0,16.0,64.26
11.0,4.0,34.31
11.0,32.0,56.01
13.0,14.0,34.14
16.0,17.0,57.62
16.0,17.0,36.47
11.0,19.0,40.45
13.0,34.0,34.65
15.0,38.0,48.82
10.0,18.0,20.93
17.0,16.0,21.73
11.0,4.0,47.79
16.0,14.0,63.95
17.0,23.0,75.39
11.0,21.0,41.5
17.0,13.0,33.69
17.0,13.0,34.34
15.0,2.0,1.36
16.0,17.0,45.68
12.0,26.0,42.89
17.0,18.0,36.0
18.0,17.0,57.1
18.0,10.0,29.87
11.0,24.0,39.69
11.0,11.0,20.21
12.0,33.0,36.95
12.0,17.0,58.7
15.0,16.0,35.99
11.0,22.0,31.56
17.0,9.0,30.07
16.0,27.0,56.51
16.0,12.0,36.09
10.0,18.0,37.6
16.0,35.0,31.95
11.0,10.0,68.32
9.0,9.0,31.79
12.0,13.0,58.37
17.0,14.0,23.29
13.0,22.0,31.84
17.0,17.0,20.18
13.0,27.0,25.7
15.0,13.0,55.67
14.0,19.0,35.16
17.0,20.0,30.85
9.0,27.0,63.85
14.0,2.0,50.08
17.0,10.0,13.64
16.0,28.0,26.6
10.0,6.0,9.93
11.0,11.0,56.29
12.0,11.0,40.85
17.0,25.0,52.87
15.0,25.0,61.16
14.0,29.0,44.0
14.0,22.0,32.82
11.0,28.0,77.78
14.0,19.0,74.78
13.0,29.0,30.69
19.0,11.0,22.61
14.0,19.0,18.1
11.0,40.0,75.78
15.0,12.0,23.09
15.0,18.0,39.71
14.0,12.0,41.77
12.0,36.0,55.25
11.0,12.0,77.6
16.0,42.0,24.72
10.0,8.0,26.83
15.0,33.0,52.08
10.0,23.0,43.34
15.0,11.0,23.21
10.0,16.0,70.7
18.0,16.0,18.33
15.0,16.0,24.65
12.0,19.0,52.39
15.0,16.0,23.57
18.0,14.0,22.05
11.0,9.0,51.25
17.0,17.0,19.28
12.0,24.0,71.49
15.0,17.0,40.98
12.0,28.0,70.66
12.0,27.0,31.13
15.0,24.0,55.34
15.0,19.0,54.72
18.0,20.0,16.57
17.0,2.0,24.99
18.0,11.0,47.5
15.0,25.0,33.25
15.0,14.0,51.27
15.0,31.0,57.27
10.0,22.0,53.36
15.0,6.0,60.0
19.0,17.0,29.58
13.0,18.0,15.02
15.0,25.0,30.78
15.0,29.0,51.42
12.0,30.0,35.01
14.0,18.0,73.39
17.0,24.0,49.54
15.0,30.0,34.43
16.0,35.0,33.09
13.0,26.0,28.95
17.0,15.0,79.54
18.0,3.0,13.46
16.0,18.0,74.92
14.0,24.0,76.71
15.0,21.0,75.67
15.0,16.0,50.3
16.0,21.0,36.31
16.0,16.0,23.58
19.0,13.0,41.1
14.0,23.0,37.94
12.0,21.0,23.05
11.0,18.0,71.6
19.0,17.0,55.81
18.0,18.0,34.71
10.0,28.0,23.72
16.0,30.0,44.59
16.0,20.0,43.5
11.0,26.0,32.39
17.0,11.0,53.75
9.0,6.0,25.2
13.0,21.0,57.7
16.0,16.0,63.97
15.0,31.0,42.95
12.0,19.0,25.68
11.0,29.0,34.61
11.0,28.0,63.65
15.0,26.0,20.82
13.0,22.0,41.72
17.0,19.0,15.68
13.0,31.0,11.33
15.0,16.0,75.57
16.0,40.0,40.94
13.0,17.0,33.85
11.0,4.0,64.29
8.0,16.0,65.77
13.0,17.0,17.46
16.0,17.0,44.01
10.0,20.0,23.48
16.0,27.0,34.77
15.0,27.0,46.58
18.0,12.0,18.71
14.0,19.0,20.63
10.0,8.0,48.53
16.0,15.0,70.01
16.0,35.0,63.89
12.0,22.0,27.05
13.0,23.0,45.33
16.0,16.0,46.23
12.0,26.0,23.87
13.0,11.0,25.59
17.0,15.0,28.63
15.0,17.0,77.94
14.0,29.0,30.58
15.0,17.0,68.61
12.0,9.0,65.25
15.0,23.0,54.45
14.0,17.0,34.13
12.0,41.0,30.61
11.0,13.0,63.15
17.0,17.0,43.81
11.0,26.0,78.35
12.0,33.0,52.34
16.0,23.0,72.09
12.0,26.0,69.89
10.0,21.0,18.16
15.0,17.0,51.83
16.0,21.0,54.92
16.0,26.0,25.82
15.0,15.0,43.99
11.0,2.0,16.7
14.0,11.0,40.88
15.0,26.0,70.72
16.0,15.0,39.62
16.0,42.0,34.6
12.0,34.0,49.25
17.0,18.0,18.28
14.0,14.0,39.45
13.0,31.0,37.4
16.0,31.0,68.86
17.0,33.0,47.98
11.0,26.0,46.34
16.0,14.0,44.25
14.0,5.0,25.34
17.0,19.0,45.09
17.0,16.0,34.47
12.0,13.0,70.62
13.0,26.0,23.89
17.0,21.0,32.16
14.0,4.0,26.97
13.0,9.0,34.81
15.0,16.0,54.43
11.0,5.0,25.73
13.0,26.0,22.71
15.0,19.0,74.58
16.0,14.0,17.42
14.0,35.0,30.19
14.0,34.0,28.0
16.0,9.0,18.43
13.0,2.0,29.15
18.0,17.0,19.26
18.0,14.0,15.95
17.0,3.0,25.84
14.0,29.0,63.28
14.0,14.0,31.89
16.0,31.0,20.44
15.0,14.0,76.39
16.0,24.0,27.73
16.0,36.0,44.65
16.0,26.0,35.8
15.0,30.0,48.29
16.0,3.0,70.12
18.0,5.0,22.98
16.0,30.0,39.57
15.0,14.0,65.89
15.0,26.0,54.8
16.0,13.0,19.33
12.0,14.0,59.54
16.0,38.0,56.34
16.0,33.0,28.78
13.0,29.0,23.27
15.0,35.0,26.79
13.0,28.0,34.22
17.0,18.0,47.05
8.0,5.0,30.55
15.0,29.0,50.79
14.0,12.0,34.17
14.0,18.0,48.98
17.0,3.0,16.6
10.0,4.0,39.44
14.0,16.0,40.7
11.0,16.0,60.31
11.0,24.0,43.47
16.0,31.0,33.21
15.0,16.0,20.33
15.0,14.0,67.18
11.0,19.0,32.66
19.0,19.0,14.86
12.0,30.0,23.26
12.0,18.0,42.3
11.0,28.0,34.1
15.0,15.0,31.02
16.0,34.0,35.21
17.0,27.0,53.52
15.0,10.0,37.22
11.0,4.0,22.71
16.0,29.0,37.84
12.0,27.0,27.05
14.0,27.0,32.21
14.0,20.0,36.56
10.0,32.0,41.08
10.0,27.0,46.74
16.0,35.0,31.67
16.0,22.0,64.26
14.0,10.0,33.88
16.0,30.0,46.25
17.0,12.0,13.59
17.0,15.0,43.35
14.0,22.0,40.28
16.0,7.0,75.15
15.0,29.0,23.62
16.0,25.0,37.63
15.0,6.0,30.25
15.0,20.0,64.78
12.0,26.0,28.62
14.0,26.0,67.22
16.0,2.0,46.43
13.0,22.0,71.68
18.0,19.0,23.48
9.0,12.0,44.17
15.0,8.0,65.13
14.0,23.0,47.33
10.0,4.0,42.04
13.0,15.0,39.38
13.0,17.0,53.28
10.0,26.0,65.13
17.0,21.0,22.28
11.0,5.0,13.2
12.0,2.0,34.77
16.0,14.0,15.32
12.0,7.0,34.73
13.0,3.0,29.78
10.0,19.0,57.71
17.0,7.0,59.72
15.0,9.0,47.1
12.0,5.0,58.53
14.0,20.0,49.26
14.0,4.0,52.76
16.0,23.0,63.7
16.0,7.0,36.84
8.0,43.0,72.02
15.0,15.0,55.33
16.0,16.0,44.64
16.0,18.0,24.77
16.0,31.0,47.23
16.0,2.0,26.93
17.0,7.0,14.42
16.0,27.0,36.16
12.0,21.0,50.89
16.0,31.0,39.88
12.0,30.0,33.33
16.0,34.0,27.47
18.0,9.0,34.23
17.0,32.0,37.15
16.0,27.0,39.45
16.0,9.0,21.44
16.0,29.0,75.07
16.0,42.0,38.94
15.0,18.0,19.77
15.0,44.0,53.46
12.0,9.0,26.65
13.0,33.0,26.46
16.0,25.0,48.49
15.0,4.0,27.13
14.0,17.0,54.4
15.0,29.0,32.45
12.0,4.0,27.22
16.0,7.0,34.14
11.0,30.0,35.99
17.0,3.0,19.47
11.0,27.0,25.43
11.0,12.0,26.09
13.0,5.0,38.74
15.0,37.0,36.65
16.0,4.0,27.69
16.0,15.0,22.29
15.0,31.0,67.62
16.0,27.0,31.48
18.0,8.0,56.44
17.0,19.0,29.19
10.0,19.0,70.26
16.0,23.0,77.67
17.0,18.0,23.57
17.0,23.0,18.24
9.0,34.0,30.26
17.0,14.0,55.93
17.0,4.0,11.06
17.0,14.0,36.01
17.0,21.0,24.95
13.0,13.0,50.42
10.0,21.0,33.0
10.0,16.0,31.3
10.0,23.0,49.22
14.0,25.0,30.44
12.0,30.0,73.42
17.0,9.0,28.07
10.0,31.0,56.96
11.0,13.0,55.14
15.0,17.0,28.59
19.0,13.0,24.44
12.0,18.0,79.63
13.0,30.0,36.07
12.0,45.0,40.26
17.0,25.0,72.37
15.0,8.0,28.0
17.0,12.0,78.13
14.0,10.0,24.06
8.0,3.0,24.25
16.0,12.0,32.32
12.0,7.0,50.41
16.0,11.0,28.13
20.0,15.0,31.33
10.0,4.0,21.07
15.0,21.0,39.86
14.0,8.0,27.36
16.0,9.0,32.69
16.0,12.0,41.95
16.0,26.0,44.89
11.0,30.0,67.37
16.0,24.0,30.58
16.0,6.0,29.61
17.0,6.0,16.93
17.0,20.0,37.04
16.0,28.0,49.15
16.0,25.0,33.04
19.0,30.0,32.94
16.0,36.0,26.01
10.0,11.0,35.88
16.0,36.0,36.06
17.0,17.0,64.86
16.0,20.0,65.27
14.0,2.0,22.68
13.0,20.0,41.72
16.0,29.0,37.34
10.0,2.0,1.32
17.0,29.0,24.52
13.0,25.0,53.41
12.0,10.0,16.1
12.0,13.0,35.96
14.0,16.0,51.69
14.0,16.0,52.85
15.0,22.0,69.77
16.0,36.0,34.44
16.0,24.0,40.7
16.0,3.0,10.17
16.0,5.0,9.49
9.0,6.0,51.01
13.0,18.0,31.04
15.0,24.0,58.51
18.0,10.0,36.34
16.0,35.0,35.72
16.0,17.0,43.84
17.0,14.0,19.34
16.0,30.0,50.49
15.0,19.0,57.05
15.0,10.0,16.06
11.0,25.0,41.85
16.0,18.0,31.02
11.0,21.0,38.86
16.0,5.0,41.0
11.0,14.0,35.94
16.0,28.0,65.3
16.0,23.0,41.61
16.0,28.0,62.78
12.0,15.0,65.31
11.0,23.0,39.37
16.0,23.0,34.45
14.0,24.0,51.4
16.0,28.0,38.97
10.0,20.0,57.46
16.0,29.0,59.45
10.0,3.0,48.18
16.0,31.0,26.47
12.0,35.0,30.56
16.0,21.0,39.32
17.0,3.0,32.48
16.0,17.0,63.92
16.0,31.0,38.46
15.0,15.0,33.5
18.0,17.0,17.27
10.0,4.0,47.69
18.0,8.0,35.59
11.0,16.0,38.75
17.0,26.0,28.83
17.0,33.0,25.1
10.0,29.0,60.8
17.0,25.0,65.67
17.0,4.0,61.13
17.0,19.0,34.83
17.0,6.0,23.78
17.0,28.0,33.92
13.0,10.0,16.15
8.0,22.0,59.63
13.0,27.0,45.45
14.0,5.0,16.75
16.0,25.0,30.99
17.0,3.0,32.0
15.0,3.0,48.53
16.0,23.0,56.21
15.0,8.0,44.35
18.0,13.0,21.76
17.0,4.0,53.81
17.0,17.0,37.78
15.0,13.0,31.33
15.0,18.0,53.89
16.0,18.0,58.52
16.0,17.0,70.62
16.0,20.0,79.57
14.0,22.0,39.98
11.0,24.0,37.15
14.0,26.0,38.76
14.0,24.0,70.65
9.0,3.0,21.06
18.0,2.0,13.99
9.0,19.0,48.21
16.0,34.0,52.28
11.0,28.0,37.22
12.0,19.0,44.72
17.0,21.0,41.05
12.0,2.0,24.31
12.0,13.0,28.05
14.0,20.0,26.43
11.0,28.0,76.66
17.0,7.0,42.79
14.0,26.0,55.89
16.0,24.0,45.24
16.0,40.0,33.73
16.0,42.0,49.6
16.0,41.0,48.44
12.0,26.0,26.76
17.0,10.0,39.77
14.0,31.0,30.35
15.0,2.0,32.19
16.0,17.0,45.61
15.0,14.0,55.72
15.0,3.0,14.38
10.0,26.0,30.65
11.0,18.0,35.14
12.0,10.0,49.56
14.0,18.0,24.66
15.0,37.0,34.24
12.0,25.0,34.49
14.0,20.0,48.86
11.0,18.0,47.37
16.0,30.0,47.16
12.0,17.0,21.45
16.0,14.0,59.1
11.0,6.0,33.78
12.0,40.0,40.64
13.0,29.0,20.64
16.0,37.0,31.97
11.0,26.0,4.89
14.0,28.0,33.22
14.0,28.0,29.81
14.0,13.0,61.68
12.0,13.0,36.64
13.0,25.0,42.22
16.0,15.0,47.12
17.0,17.0,46.24
15.0,24.0,47.43
14.0,29.0,41.03
9.0,29.0,67.13
16.0,16.0,54.5
16.0,19.0,46.47
16.0,19.0,55.85
15.0,25.0,65.61
13.0,4.0,36.75
15.0,29.0,75.82
12.0,4.0,33.2
15.0,4.0,17.48
14.0,19.0,42.54
14.0,21.0,34.73
16.0,2.0,39.16
14.0,14.0,30.15
15.0,11.0,44.23
11.0,13.0,29.42
17.0,12.0,16.31
12.0,19.0,63.69
16.0,18.0,60.43
16.0,20.0,77.05
12.0,16.0,66.4
16.0,26.0,47.23
16.0,24.0,30.26
